current_date,sales_id,product_id,name,price
05/23/2024,1,P005,Mobile Phone Case,15
05/23/2024,2,P001,Wireless Headphones,100
05/23/2024,3,P001,Wireless Headphones,100
05/23/2024,4,P006,Wireless Mouse,30
05/23/2024,5,P006,Wireless Mouse,30
05/23/2024,6,P003,Bluetooth Speaker,50
05/23/2024,7,P004,USB Flash Drive,20
05/23/2024,8,P007,Laptop Stand,40
05/23/2024,9,P005,Mobile Phone Case,15
05/23/2024,10,P006,Wireless Mouse,30
05/23/2024,11,P004,USB Flash Drive,20
05/23/2024,12,P006,Wireless Mouse,30
05/23/2024,13,P007,Laptop Stand,40
05/23/2024,14,P004,USB Flash Drive,20
05/23/2024,15,P005,Mobile Phone Case,15
05/23/2024,16,P010,External Hard Drive,100
05/23/2024,17,P010,External Hard Drive,100
05/23/2024,18,P004,USB Flash Drive,20
05/23/2024,19,P009,Smartphone,600
05/23/2024,20,P001,Wireless Headphones,100
05/23/2024,21,P008,HDMI Cable,15
05/23/2024,22,P007,Laptop Stand,40
05/23/2024,23,P007,Laptop Stand,40
05/23/2024,24,P003,Bluetooth Speaker,50
05/23/2024,25,P007,Laptop Stand,40
05/23/2024,26,P003,Bluetooth Speaker,50
05/23/2024,27,P002,Laptop Backpack,60
05/23/2024,28,P001,Wireless Headphones,100
05/23/2024,29,P004,USB Flash Drive,20
05/23/2024,30,P006,Wireless Mouse,30
05/23/2024,31,P002,Laptop Backpack,60
05/23/2024,32,P003,Bluetooth Speaker,50
05/23/2024,33,P008,HDMI Cable,15
05/23/2024,34,P004,USB Flash Drive,20
05/23/2024,35,P009,Smartphone,600
05/23/2024,36,P001,Wireless Headphones,100
05/23/2024,37,P003,Bluetooth Speaker,50
05/23/2024,38,P006,Wireless Mouse,30
05/23/2024,39,P008,HDMI Cable,15
05/23/2024,40,P004,USB Flash Drive,20
05/23/2024,41,P009,Smartphone,600
05/23/2024,42,P008,HDMI Cable,15
05/23/2024,43,P006,Wireless Mouse,30
05/23/2024,44,P005,Mobile Phone Case,15
05/23/2024,45,P005,Mobile Phone Case,15
05/23/2024,46,P001,Wireless Headphones,100
05/23/2024,47,P002,Laptop Backpack,60
05/23/2024,48,P005,Mobile Phone Case,15
05/23/2024,49,P002,Laptop Backpack,60
05/23/2024,50,P009,Smartphone,600
05/23/2024,51,P002,Laptop Backpack,60
05/23/2024,52,P001,Wireless Headphones,100
05/23/2024,53,P006,Wireless Mouse,30
05/23/2024,54,P008,HDMI Cable,15
05/23/2024,55,P006,Wireless Mouse,30
05/23/2024,56,P010,External Hard Drive,100
05/23/2024,57,P002,Laptop Backpack,60
05/23/2024,58,P008,HDMI Cable,15
05/23/2024,59,P002,Laptop Backpack,60
05/23/2024,60,P001,Wireless Headphones,100
05/23/2024,61,P008,HDMI Cable,15
05/23/2024,62,P008,HDMI Cable,15
05/23/2024,63,P006,Wireless Mouse,30
05/23/2024,64,P006,Wireless Mouse,30
05/23/2024,65,P002,Laptop Backpack,60
05/23/2024,66,P004,USB Flash Drive,20
05/23/2024,67,P005,Mobile Phone Case,15
05/23/2024,68,P001,Wireless Headphones,100
05/23/2024,69,P010,External Hard Drive,100
05/23/2024,70,P001,Wireless Headphones,100
05/23/2024,71,P003,Bluetooth Speaker,50
05/23/2024,72,P001,Wireless Headphones,100
05/23/2024,73,P003,Bluetooth Speaker,50
05/23/2024,74,P010,External Hard Drive,100
05/23/2024,75,P008,HDMI Cable,15
05/23/2024,76,P004,USB Flash Drive,20
05/23/2024,77,P006,Wireless Mouse,30
05/23/2024,78,P005,Mobile Phone Case,15
05/23/2024,79,P001,Wireless Headphones,100
05/23/2024,80,P009,Smartphone,600
05/23/2024,81,P009,Smartphone,600
05/23/2024,82,P010,External Hard Drive,100
05/23/2024,83,P008,HDMI Cable,15
05/23/2024,84,P006,Wireless Mouse,30
05/23/2024,85,P004,USB Flash Drive,20
05/23/2024,86,P002,Laptop Backpack,60
05/23/2024,87,P001,Wireless Headphones,100
05/23/2024,88,P003,Bluetooth Speaker,50
05/23/2024,89,P003,Bluetooth Speaker,50
05/23/2024,90,P001,Wireless Headphones,100
05/23/2024,91,P004,USB Flash Drive,20
05/23/2024,92,P005,Mobile Phone Case,15
05/23/2024,93,P010,External Hard Drive,100
05/23/2024,94,P001,Wireless Headphones,100
05/23/2024,95,P006,Wireless Mouse,30
05/23/2024,96,P006,Wireless Mouse,30
05/23/2024,97,P002,Laptop Backpack,60
05/23/2024,98,P002,Laptop Backpack,60
05/23/2024,99,P010,External Hard Drive,100
05/23/2024,100,P004,USB Flash Drive,20
05/23/2024,101,P005,Mobile Phone Case,15
05/23/2024,102,P010,External Hard Drive,100
05/23/2024,103,P001,Wireless Headphones,100
05/23/2024,104,P008,HDMI Cable,15
05/23/2024,105,P003,Bluetooth Speaker,50
05/23/2024,106,P008,HDMI Cable,15
05/23/2024,107,P001,Wireless Headphones,100
05/23/2024,108,P001,Wireless Headphones,100
05/23/2024,109,P004,USB Flash Drive,20
05/23/2024,110,P001,Wireless Headphones,100
05/23/2024,111,P003,Bluetooth Speaker,50
05/23/2024,112,P004,USB Flash Drive,20
05/23/2024,113,P004,USB Flash Drive,20
05/23/2024,114,P003,Bluetooth Speaker,50
05/23/2024,115,P003,Bluetooth Speaker,50
05/23/2024,116,P004,USB Flash Drive,20
05/23/2024,117,P008,HDMI Cable,15
05/23/2024,118,P008,HDMI Cable,15
05/23/2024,119,P009,Smartphone,600
05/23/2024,120,P001,Wireless Headphones,100
05/23/2024,121,P006,Wireless Mouse,30
05/23/2024,122,P001,Wireless Headphones,100
05/23/2024,123,P009,Smartphone,600
05/23/2024,124,P008,HDMI Cable,15
05/23/2024,125,P010,External Hard Drive,100
05/23/2024,126,P001,Wireless Headphones,100
05/23/2024,127,P007,Laptop Stand,40
05/23/2024,128,P001,Wireless Headphones,100
05/23/2024,129,P002,Laptop Backpack,60
05/23/2024,130,P009,Smartphone,600
05/23/2024,131,P007,Laptop Stand,40
05/23/2024,132,P003,Bluetooth Speaker,50
05/23/2024,133,P001,Wireless Headphones,100
05/23/2024,134,P005,Mobile Phone Case,15
05/23/2024,135,P006,Wireless Mouse,30
05/23/2024,136,P006,Wireless Mouse,30
05/23/2024,137,P003,Bluetooth Speaker,50
05/23/2024,138,P006,Wireless Mouse,30
05/23/2024,139,P002,Laptop Backpack,60
05/23/2024,140,P001,Wireless Headphones,100
05/23/2024,141,P010,External Hard Drive,100
05/23/2024,142,P010,External Hard Drive,100
05/23/2024,143,P003,Bluetooth Speaker,50
05/23/2024,144,P003,Bluetooth Speaker,50
05/23/2024,145,P010,External Hard Drive,100
05/23/2024,146,P001,Wireless Headphones,100
05/23/2024,147,P004,USB Flash Drive,20
05/23/2024,148,P002,Laptop Backpack,60
05/23/2024,149,P008,HDMI Cable,15
05/23/2024,150,P001,Wireless Headphones,100
05/23/2024,151,P001,Wireless Headphones,100
05/23/2024,152,P001,Wireless Headphones,100
05/23/2024,153,P003,Bluetooth Speaker,50
05/23/2024,154,P001,Wireless Headphones,100
05/23/2024,155,P006,Wireless Mouse,30
05/23/2024,156,P010,External Hard Drive,100
05/23/2024,157,P008,HDMI Cable,15
05/23/2024,158,P002,Laptop Backpack,60
05/23/2024,159,P008,HDMI Cable,15
05/23/2024,160,P003,Bluetooth Speaker,50
05/23/2024,161,P008,HDMI Cable,15
05/23/2024,162,P005,Mobile Phone Case,15
05/23/2024,163,P004,USB Flash Drive,20
05/23/2024,164,P003,Bluetooth Speaker,50
05/23/2024,165,P005,Mobile Phone Case,15
05/23/2024,166,P007,Laptop Stand,40
05/23/2024,167,P010,External Hard Drive,100
05/23/2024,168,P004,USB Flash Drive,20
05/23/2024,169,P006,Wireless Mouse,30
05/23/2024,170,P008,HDMI Cable,15
05/23/2024,171,P006,Wireless Mouse,30
05/23/2024,172,P005,Mobile Phone Case,15
05/23/2024,173,P009,Smartphone,600
05/23/2024,174,P007,Laptop Stand,40
05/23/2024,175,P001,Wireless Headphones,100
05/23/2024,176,P008,HDMI Cable,15
05/23/2024,177,P009,Smartphone,600
05/23/2024,178,P001,Wireless Headphones,100
05/23/2024,179,P001,Wireless Headphones,100
05/23/2024,180,P003,Bluetooth Speaker,50
05/23/2024,181,P006,Wireless Mouse,30
05/23/2024,182,P006,Wireless Mouse,30
05/23/2024,183,P001,Wireless Headphones,100
05/23/2024,184,P004,USB Flash Drive,20
05/23/2024,185,P008,HDMI Cable,15
05/23/2024,186,P001,Wireless Headphones,100
05/23/2024,187,P007,Laptop Stand,40
05/23/2024,188,P004,USB Flash Drive,20
05/23/2024,189,P001,Wireless Headphones,100
05/23/2024,190,P001,Wireless Headphones,100
05/23/2024,191,P006,Wireless Mouse,30
05/23/2024,192,P009,Smartphone,600
05/23/2024,193,P004,USB Flash Drive,20
05/23/2024,194,P004,USB Flash Drive,20
05/23/2024,195,P008,HDMI Cable,15
05/23/2024,196,P002,Laptop Backpack,60
05/23/2024,197,P006,Wireless Mouse,30
05/23/2024,198,P008,HDMI Cable,15
05/23/2024,199,P006,Wireless Mouse,30
05/23/2024,200,P003,Bluetooth Speaker,50
05/23/2024,201,P001,Wireless Headphones,100
05/23/2024,202,P004,USB Flash Drive,20
05/23/2024,203,P004,USB Flash Drive,20
05/23/2024,204,P002,Laptop Backpack,60
05/23/2024,205,P006,Wireless Mouse,30
05/23/2024,206,P004,USB Flash Drive,20
05/23/2024,207,P001,Wireless Headphones,100
05/23/2024,208,P005,Mobile Phone Case,15
05/23/2024,209,P002,Laptop Backpack,60
05/23/2024,210,P006,Wireless Mouse,30
05/23/2024,211,P003,Bluetooth Speaker,50
05/23/2024,212,P001,Wireless Headphones,100
05/23/2024,213,P003,Bluetooth Speaker,50
05/23/2024,214,P003,Bluetooth Speaker,50
05/23/2024,215,P009,Smartphone,600
05/23/2024,216,P008,HDMI Cable,15
05/23/2024,217,P010,External Hard Drive,100
05/23/2024,218,P006,Wireless Mouse,30
05/23/2024,219,P005,Mobile Phone Case,15
05/23/2024,220,P010,External Hard Drive,100
05/23/2024,221,P002,Laptop Backpack,60
05/23/2024,222,P005,Mobile Phone Case,15
05/23/2024,223,P010,External Hard Drive,100
05/23/2024,224,P004,USB Flash Drive,20
05/23/2024,225,P002,Laptop Backpack,60
05/23/2024,226,P007,Laptop Stand,40
05/23/2024,227,P010,External Hard Drive,100
05/23/2024,228,P009,Smartphone,600
05/23/2024,229,P009,Smartphone,600
05/23/2024,230,P004,USB Flash Drive,20
05/23/2024,231,P008,HDMI Cable,15
05/23/2024,232,P004,USB Flash Drive,20
05/23/2024,233,P005,Mobile Phone Case,15
05/23/2024,234,P001,Wireless Headphones,100
05/23/2024,235,P007,Laptop Stand,40
05/23/2024,236,P006,Wireless Mouse,30
05/23/2024,237,P001,Wireless Headphones,100
05/23/2024,238,P001,Wireless Headphones,100
05/23/2024,239,P006,Wireless Mouse,30
05/23/2024,240,P003,Bluetooth Speaker,50
05/23/2024,241,P005,Mobile Phone Case,15
05/23/2024,242,P003,Bluetooth Speaker,50
05/23/2024,243,P006,Wireless Mouse,30
05/23/2024,244,P006,Wireless Mouse,30
05/23/2024,245,P003,Bluetooth Speaker,50
05/23/2024,246,P002,Laptop Backpack,60
05/23/2024,247,P006,Wireless Mouse,30
05/23/2024,248,P009,Smartphone,600
05/23/2024,249,P001,Wireless Headphones,100
05/23/2024,250,P004,USB Flash Drive,20
05/23/2024,251,P009,Smartphone,600
05/23/2024,252,P001,Wireless Headphones,100
05/23/2024,253,P008,HDMI Cable,15
05/23/2024,254,P008,HDMI Cable,15
05/23/2024,255,P002,Laptop Backpack,60
05/23/2024,256,P008,HDMI Cable,15
05/23/2024,257,P002,Laptop Backpack,60
05/23/2024,258,P008,HDMI Cable,15
05/23/2024,259,P003,Bluetooth Speaker,50
05/23/2024,260,P007,Laptop Stand,40
05/23/2024,261,P003,Bluetooth Speaker,50
05/23/2024,262,P001,Wireless Headphones,100
05/23/2024,263,P002,Laptop Backpack,60
05/23/2024,264,P008,HDMI Cable,15
05/23/2024,265,P010,External Hard Drive,100
05/23/2024,266,P008,HDMI Cable,15
05/23/2024,267,P003,Bluetooth Speaker,50
05/23/2024,268,P003,Bluetooth Speaker,50
05/23/2024,269,P001,Wireless Headphones,100
05/23/2024,270,P001,Wireless Headphones,100
05/23/2024,271,P001,Wireless Headphones,100
05/23/2024,272,P001,Wireless Headphones,100
05/23/2024,273,P006,Wireless Mouse,30
05/23/2024,274,P001,Wireless Headphones,100
05/23/2024,275,P003,Bluetooth Speaker,50
05/23/2024,276,P010,External Hard Drive,100
05/23/2024,277,P001,Wireless Headphones,100
05/23/2024,278,P004,USB Flash Drive,20
05/23/2024,279,P003,Bluetooth Speaker,50
05/23/2024,280,P004,USB Flash Drive,20
05/23/2024,281,P002,Laptop Backpack,60
05/23/2024,282,P003,Bluetooth Speaker,50
05/23/2024,283,P008,HDMI Cable,15
05/23/2024,284,P001,Wireless Headphones,100
05/23/2024,285,P004,USB Flash Drive,20
05/23/2024,286,P007,Laptop Stand,40
05/23/2024,287,P010,External Hard Drive,100
05/23/2024,288,P007,Laptop Stand,40
05/23/2024,289,P001,Wireless Headphones,100
05/23/2024,290,P001,Wireless Headphones,100
05/23/2024,291,P001,Wireless Headphones,100
05/23/2024,292,P003,Bluetooth Speaker,50
05/23/2024,293,P004,USB Flash Drive,20
05/23/2024,294,P010,External Hard Drive,100
05/23/2024,295,P003,Bluetooth Speaker,50
05/23/2024,296,P001,Wireless Headphones,100
05/23/2024,297,P003,Bluetooth Speaker,50
05/23/2024,298,P003,Bluetooth Speaker,50
05/23/2024,299,P001,Wireless Headphones,100
05/23/2024,300,P008,HDMI Cable,15
05/23/2024,301,P009,Smartphone,600
05/23/2024,302,P006,Wireless Mouse,30
05/23/2024,303,P007,Laptop Stand,40
05/23/2024,304,P008,HDMI Cable,15
05/23/2024,305,P010,External Hard Drive,100
05/23/2024,306,P009,Smartphone,600
05/23/2024,307,P003,Bluetooth Speaker,50
05/23/2024,308,P009,Smartphone,600
05/23/2024,309,P004,USB Flash Drive,20
05/23/2024,310,P006,Wireless Mouse,30
05/23/2024,311,P003,Bluetooth Speaker,50
05/23/2024,312,P007,Laptop Stand,40
05/23/2024,313,P001,Wireless Headphones,100
05/23/2024,314,P003,Bluetooth Speaker,50
05/23/2024,315,P003,Bluetooth Speaker,50
05/23/2024,316,P002,Laptop Backpack,60
05/23/2024,317,P001,Wireless Headphones,100
05/23/2024,318,P008,HDMI Cable,15
05/23/2024,319,P003,Bluetooth Speaker,50
05/23/2024,320,P006,Wireless Mouse,30
05/23/2024,321,P002,Laptop Backpack,60
05/23/2024,322,P003,Bluetooth Speaker,50
05/23/2024,323,P002,Laptop Backpack,60
05/23/2024,324,P001,Wireless Headphones,100
05/23/2024,325,P010,External Hard Drive,100
05/23/2024,326,P003,Bluetooth Speaker,50
05/23/2024,327,P002,Laptop Backpack,60
05/23/2024,328,P008,HDMI Cable,15
05/23/2024,329,P006,Wireless Mouse,30
05/23/2024,330,P004,USB Flash Drive,20
05/23/2024,331,P001,Wireless Headphones,100
05/23/2024,332,P001,Wireless Headphones,100
05/23/2024,333,P008,HDMI Cable,15
05/23/2024,334,P009,Smartphone,600
05/23/2024,335,P006,Wireless Mouse,30
05/23/2024,336,P006,Wireless Mouse,30
05/23/2024,337,P010,External Hard Drive,100
05/23/2024,338,P007,Laptop Stand,40
05/23/2024,339,P004,USB Flash Drive,20
05/23/2024,340,P008,HDMI Cable,15
05/23/2024,341,P010,External Hard Drive,100
05/23/2024,342,P002,Laptop Backpack,60
05/23/2024,343,P010,External Hard Drive,100
05/23/2024,344,P007,Laptop Stand,40
05/23/2024,345,P010,External Hard Drive,100
05/23/2024,346,P003,Bluetooth Speaker,50
05/23/2024,347,P002,Laptop Backpack,60
05/23/2024,348,P005,Mobile Phone Case,15
05/23/2024,349,P010,External Hard Drive,100
05/23/2024,350,P001,Wireless Headphones,100
05/23/2024,351,P006,Wireless Mouse,30
05/23/2024,352,P001,Wireless Headphones,100
05/23/2024,353,P008,HDMI Cable,15
05/23/2024,354,P001,Wireless Headphones,100
05/23/2024,355,P006,Wireless Mouse,30
05/23/2024,356,P008,HDMI Cable,15
05/23/2024,357,P006,Wireless Mouse,30
05/23/2024,358,P002,Laptop Backpack,60
05/23/2024,359,P008,HDMI Cable,15
05/23/2024,360,P002,Laptop Backpack,60
05/23/2024,361,P008,HDMI Cable,15
05/23/2024,362,P006,Wireless Mouse,30
05/23/2024,363,P004,USB Flash Drive,20
05/23/2024,364,P008,HDMI Cable,15
05/23/2024,365,P004,USB Flash Drive,20
05/23/2024,366,P006,Wireless Mouse,30
05/23/2024,367,P001,Wireless Headphones,100
05/23/2024,368,P006,Wireless Mouse,30
05/23/2024,369,P004,USB Flash Drive,20
05/23/2024,370,P001,Wireless Headphones,100
05/23/2024,371,P004,USB Flash Drive,20
05/23/2024,372,P008,HDMI Cable,15
05/23/2024,373,P005,Mobile Phone Case,15
05/23/2024,374,P002,Laptop Backpack,60
05/23/2024,375,P009,Smartphone,600
05/23/2024,376,P010,External Hard Drive,100
05/23/2024,377,P004,USB Flash Drive,20
05/23/2024,378,P004,USB Flash Drive,20
05/23/2024,379,P001,Wireless Headphones,100
05/23/2024,380,P006,Wireless Mouse,30
05/23/2024,381,P005,Mobile Phone Case,15
05/23/2024,382,P001,Wireless Headphones,100
05/23/2024,383,P006,Wireless Mouse,30
05/23/2024,384,P003,Bluetooth Speaker,50
05/23/2024,385,P008,HDMI Cable,15
05/23/2024,386,P001,Wireless Headphones,100
05/23/2024,387,P006,Wireless Mouse,30
05/23/2024,388,P003,Bluetooth Speaker,50
05/23/2024,389,P001,Wireless Headphones,100
05/23/2024,390,P002,Laptop Backpack,60
05/23/2024,391,P007,Laptop Stand,40
05/23/2024,392,P006,Wireless Mouse,30
05/23/2024,393,P009,Smartphone,600
05/23/2024,394,P001,Wireless Headphones,100
05/23/2024,395,P007,Laptop Stand,40
05/23/2024,396,P004,USB Flash Drive,20
05/23/2024,397,P004,USB Flash Drive,20
05/23/2024,398,P001,Wireless Headphones,100
05/23/2024,399,P008,HDMI Cable,15
05/23/2024,400,P006,Wireless Mouse,30
05/23/2024,401,P003,Bluetooth Speaker,50
05/23/2024,402,P004,USB Flash Drive,20
05/23/2024,403,P010,External Hard Drive,100
05/23/2024,404,P002,Laptop Backpack,60
05/23/2024,405,P001,Wireless Headphones,100
05/23/2024,406,P008,HDMI Cable,15
05/23/2024,407,P010,External Hard Drive,100
05/23/2024,408,P004,USB Flash Drive,20
05/23/2024,409,P001,Wireless Headphones,100
05/23/2024,410,P004,USB Flash Drive,20
05/23/2024,411,P006,Wireless Mouse,30
05/23/2024,412,P002,Laptop Backpack,60
05/23/2024,413,P007,Laptop Stand,40
05/23/2024,414,P003,Bluetooth Speaker,50
05/23/2024,415,P003,Bluetooth Speaker,50
05/23/2024,416,P004,USB Flash Drive,20
05/23/2024,417,P004,USB Flash Drive,20
05/23/2024,418,P010,External Hard Drive,100
05/23/2024,419,P010,External Hard Drive,100
05/23/2024,420,P004,USB Flash Drive,20
05/23/2024,421,P001,Wireless Headphones,100
05/23/2024,422,P002,Laptop Backpack,60
05/23/2024,423,P001,Wireless Headphones,100
05/23/2024,424,P010,External Hard Drive,100
05/23/2024,425,P007,Laptop Stand,40
05/23/2024,426,P008,HDMI Cable,15
05/23/2024,427,P006,Wireless Mouse,30
05/23/2024,428,P005,Mobile Phone Case,15
05/23/2024,429,P003,Bluetooth Speaker,50
05/23/2024,430,P001,Wireless Headphones,100
05/23/2024,431,P001,Wireless Headphones,100
05/23/2024,432,P009,Smartphone,600
05/23/2024,433,P005,Mobile Phone Case,15
05/23/2024,434,P006,Wireless Mouse,30
05/23/2024,435,P001,Wireless Headphones,100
05/23/2024,436,P001,Wireless Headphones,100
05/23/2024,437,P001,Wireless Headphones,100
05/23/2024,438,P003,Bluetooth Speaker,50
05/23/2024,439,P001,Wireless Headphones,100
05/23/2024,440,P004,USB Flash Drive,20
05/23/2024,441,P003,Bluetooth Speaker,50
05/23/2024,442,P004,USB Flash Drive,20
05/23/2024,443,P001,Wireless Headphones,100
05/23/2024,444,P002,Laptop Backpack,60
05/23/2024,445,P003,Bluetooth Speaker,50
05/23/2024,446,P006,Wireless Mouse,30
05/23/2024,447,P003,Bluetooth Speaker,50
05/23/2024,448,P001,Wireless Headphones,100
05/23/2024,449,P004,USB Flash Drive,20
05/23/2024,450,P001,Wireless Headphones,100
05/23/2024,451,P006,Wireless Mouse,30
05/23/2024,452,P003,Bluetooth Speaker,50
05/23/2024,453,P003,Bluetooth Speaker,50
05/23/2024,454,P001,Wireless Headphones,100
05/23/2024,455,P001,Wireless Headphones,100
05/23/2024,456,P001,Wireless Headphones,100
05/23/2024,457,P004,USB Flash Drive,20
05/23/2024,458,P008,HDMI Cable,15
05/23/2024,459,P001,Wireless Headphones,100
05/23/2024,460,P003,Bluetooth Speaker,50
05/23/2024,461,P009,Smartphone,600
05/23/2024,462,P006,Wireless Mouse,30
05/23/2024,463,P010,External Hard Drive,100
05/23/2024,464,P010,External Hard Drive,100
05/23/2024,465,P004,USB Flash Drive,20
05/23/2024,466,P006,Wireless Mouse,30
05/23/2024,467,P006,Wireless Mouse,30
05/23/2024,468,P001,Wireless Headphones,100
05/23/2024,469,P004,USB Flash Drive,20
05/23/2024,470,P008,HDMI Cable,15
05/23/2024,471,P001,Wireless Headphones,100
05/23/2024,472,P006,Wireless Mouse,30
05/23/2024,473,P006,Wireless Mouse,30
05/23/2024,474,P008,HDMI Cable,15
05/23/2024,475,P001,Wireless Headphones,100
05/23/2024,476,P001,Wireless Headphones,100
05/23/2024,477,P002,Laptop Backpack,60
05/23/2024,478,P001,Wireless Headphones,100
05/23/2024,479,P001,Wireless Headphones,100
05/23/2024,480,P008,HDMI Cable,15
05/23/2024,481,P010,External Hard Drive,100
05/23/2024,482,P001,Wireless Headphones,100
05/23/2024,483,P008,HDMI Cable,15
05/23/2024,484,P010,External Hard Drive,100
05/23/2024,485,P010,External Hard Drive,100
05/23/2024,486,P005,Mobile Phone Case,15
05/23/2024,487,P008,HDMI Cable,15
05/23/2024,488,P004,USB Flash Drive,20
05/23/2024,489,P003,Bluetooth Speaker,50
05/23/2024,490,P004,USB Flash Drive,20
05/23/2024,491,P005,Mobile Phone Case,15
05/23/2024,492,P004,USB Flash Drive,20
05/23/2024,493,P009,Smartphone,600
05/23/2024,494,P006,Wireless Mouse,30
05/23/2024,495,P007,Laptop Stand,40
05/23/2024,496,P009,Smartphone,600
05/23/2024,497,P004,USB Flash Drive,20
05/23/2024,498,P006,Wireless Mouse,30
05/23/2024,499,P001,Wireless Headphones,100
05/23/2024,500,P001,Wireless Headphones,100
05/23/2024,501,P006,Wireless Mouse,30
05/23/2024,502,P002,Laptop Backpack,60
05/23/2024,503,P004,USB Flash Drive,20
05/23/2024,504,P001,Wireless Headphones,100
05/23/2024,505,P004,USB Flash Drive,20
05/23/2024,506,P010,External Hard Drive,100
05/23/2024,507,P003,Bluetooth Speaker,50
05/23/2024,508,P001,Wireless Headphones,100
05/23/2024,509,P006,Wireless Mouse,30
05/23/2024,510,P004,USB Flash Drive,20
05/23/2024,511,P009,Smartphone,600
05/23/2024,512,P004,USB Flash Drive,20
05/23/2024,513,P006,Wireless Mouse,30
05/23/2024,514,P010,External Hard Drive,100
05/23/2024,515,P001,Wireless Headphones,100
05/23/2024,516,P006,Wireless Mouse,30
05/23/2024,517,P010,External Hard Drive,100
05/23/2024,518,P006,Wireless Mouse,30
05/23/2024,519,P006,Wireless Mouse,30
05/23/2024,520,P001,Wireless Headphones,100
05/23/2024,521,P001,Wireless Headphones,100
05/23/2024,522,P003,Bluetooth Speaker,50
05/23/2024,523,P002,Laptop Backpack,60
05/23/2024,524,P001,Wireless Headphones,100
05/23/2024,525,P003,Bluetooth Speaker,50
05/23/2024,526,P003,Bluetooth Speaker,50
05/23/2024,527,P006,Wireless Mouse,30
05/23/2024,528,P001,Wireless Headphones,100
05/23/2024,529,P006,Wireless Mouse,30
05/23/2024,530,P008,HDMI Cable,15
05/23/2024,531,P010,External Hard Drive,100
05/23/2024,532,P004,USB Flash Drive,20
05/23/2024,533,P003,Bluetooth Speaker,50
05/23/2024,534,P001,Wireless Headphones,100
05/23/2024,535,P008,HDMI Cable,15
05/23/2024,536,P004,USB Flash Drive,20
05/23/2024,537,P006,Wireless Mouse,30
05/23/2024,538,P001,Wireless Headphones,100
05/23/2024,539,P003,Bluetooth Speaker,50
05/23/2024,540,P002,Laptop Backpack,60
05/23/2024,541,P001,Wireless Headphones,100
05/23/2024,542,P010,External Hard Drive,100
05/23/2024,543,P002,Laptop Backpack,60
05/23/2024,544,P006,Wireless Mouse,30
05/23/2024,545,P002,Laptop Backpack,60
05/23/2024,546,P008,HDMI Cable,15
05/23/2024,547,P002,Laptop Backpack,60
05/23/2024,548,P001,Wireless Headphones,100
05/23/2024,549,P003,Bluetooth Speaker,50
05/23/2024,550,P005,Mobile Phone Case,15
05/23/2024,551,P002,Laptop Backpack,60
05/23/2024,552,P002,Laptop Backpack,60
05/23/2024,553,P006,Wireless Mouse,30
05/23/2024,554,P007,Laptop Stand,40
05/23/2024,555,P001,Wireless Headphones,100
05/23/2024,556,P004,USB Flash Drive,20
05/23/2024,557,P010,External Hard Drive,100
05/23/2024,558,P006,Wireless Mouse,30
05/23/2024,559,P005,Mobile Phone Case,15
05/23/2024,560,P002,Laptop Backpack,60
05/23/2024,561,P004,USB Flash Drive,20
05/23/2024,562,P007,Laptop Stand,40
05/23/2024,563,P006,Wireless Mouse,30
05/23/2024,564,P001,Wireless Headphones,100
05/23/2024,565,P010,External Hard Drive,100
05/23/2024,566,P001,Wireless Headphones,100
05/23/2024,567,P002,Laptop Backpack,60
05/23/2024,568,P008,HDMI Cable,15
05/23/2024,569,P006,Wireless Mouse,30
05/23/2024,570,P001,Wireless Headphones,100
05/23/2024,571,P006,Wireless Mouse,30
05/23/2024,572,P004,USB Flash Drive,20
05/23/2024,573,P010,External Hard Drive,100
05/23/2024,574,P010,External Hard Drive,100
05/23/2024,575,P008,HDMI Cable,15
05/23/2024,576,P008,HDMI Cable,15
05/23/2024,577,P007,Laptop Stand,40
05/23/2024,578,P004,USB Flash Drive,20
05/23/2024,579,P007,Laptop Stand,40
05/23/2024,580,P001,Wireless Headphones,100
05/23/2024,581,P006,Wireless Mouse,30
05/23/2024,582,P004,USB Flash Drive,20
05/23/2024,583,P010,External Hard Drive,100
05/23/2024,584,P010,External Hard Drive,100
05/23/2024,585,P007,Laptop Stand,40
05/23/2024,586,P001,Wireless Headphones,100
05/23/2024,587,P007,Laptop Stand,40
05/23/2024,588,P004,USB Flash Drive,20
05/23/2024,589,P006,Wireless Mouse,30
05/23/2024,590,P006,Wireless Mouse,30
05/23/2024,591,P003,Bluetooth Speaker,50
05/23/2024,592,P006,Wireless Mouse,30
05/23/2024,593,P001,Wireless Headphones,100
05/23/2024,594,P001,Wireless Headphones,100
05/23/2024,595,P006,Wireless Mouse,30
05/23/2024,596,P010,External Hard Drive,100
05/23/2024,597,P006,Wireless Mouse,30
05/23/2024,598,P008,HDMI Cable,15
05/23/2024,599,P008,HDMI Cable,15
05/23/2024,600,P006,Wireless Mouse,30
05/23/2024,601,P005,Mobile Phone Case,15
05/23/2024,602,P002,Laptop Backpack,60
05/23/2024,603,P004,USB Flash Drive,20
05/23/2024,604,P009,Smartphone,600
05/23/2024,605,P010,External Hard Drive,100
05/23/2024,606,P010,External Hard Drive,100
05/23/2024,607,P002,Laptop Backpack,60
05/23/2024,608,P001,Wireless Headphones,100
05/23/2024,609,P001,Wireless Headphones,100
05/23/2024,610,P006,Wireless Mouse,30
05/23/2024,611,P001,Wireless Headphones,100
05/23/2024,612,P007,Laptop Stand,40
05/23/2024,613,P003,Bluetooth Speaker,50
05/23/2024,614,P001,Wireless Headphones,100
05/23/2024,615,P010,External Hard Drive,100
05/23/2024,616,P010,External Hard Drive,100
05/23/2024,617,P001,Wireless Headphones,100
05/23/2024,618,P004,USB Flash Drive,20
05/23/2024,619,P006,Wireless Mouse,30
05/23/2024,620,P008,HDMI Cable,15
05/23/2024,621,P001,Wireless Headphones,100
05/23/2024,622,P010,External Hard Drive,100
05/23/2024,623,P009,Smartphone,600
05/23/2024,624,P004,USB Flash Drive,20
05/23/2024,625,P003,Bluetooth Speaker,50
05/23/2024,626,P002,Laptop Backpack,60
05/23/2024,627,P003,Bluetooth Speaker,50
05/23/2024,628,P010,External Hard Drive,100
05/23/2024,629,P004,USB Flash Drive,20
05/23/2024,630,P002,Laptop Backpack,60
05/23/2024,631,P003,Bluetooth Speaker,50
05/23/2024,632,P009,Smartphone,600
05/23/2024,633,P010,External Hard Drive,100
05/23/2024,634,P006,Wireless Mouse,30
05/23/2024,635,P008,HDMI Cable,15
05/23/2024,636,P003,Bluetooth Speaker,50
05/23/2024,637,P002,Laptop Backpack,60
05/23/2024,638,P004,USB Flash Drive,20
05/23/2024,639,P002,Laptop Backpack,60
05/23/2024,640,P001,Wireless Headphones,100
05/23/2024,641,P007,Laptop Stand,40
05/23/2024,642,P006,Wireless Mouse,30
05/23/2024,643,P002,Laptop Backpack,60
05/23/2024,644,P008,HDMI Cable,15
05/23/2024,645,P008,HDMI Cable,15
05/23/2024,646,P008,HDMI Cable,15
05/23/2024,647,P008,HDMI Cable,15
05/23/2024,648,P008,HDMI Cable,15
05/23/2024,649,P002,Laptop Backpack,60
05/23/2024,650,P010,External Hard Drive,100
05/23/2024,651,P004,USB Flash Drive,20
05/23/2024,652,P002,Laptop Backpack,60
05/23/2024,653,P010,External Hard Drive,100
05/23/2024,654,P006,Wireless Mouse,30
05/23/2024,655,P001,Wireless Headphones,100
05/23/2024,656,P010,External Hard Drive,100
05/23/2024,657,P009,Smartphone,600
05/23/2024,658,P001,Wireless Headphones,100
05/23/2024,659,P010,External Hard Drive,100
05/23/2024,660,P004,USB Flash Drive,20
05/23/2024,661,P006,Wireless Mouse,30
05/23/2024,662,P004,USB Flash Drive,20
05/23/2024,663,P004,USB Flash Drive,20
05/23/2024,664,P001,Wireless Headphones,100
05/23/2024,665,P004,USB Flash Drive,20
05/23/2024,666,P004,USB Flash Drive,20
05/23/2024,667,P004,USB Flash Drive,20
05/23/2024,668,P004,USB Flash Drive,20
05/23/2024,669,P005,Mobile Phone Case,15
05/23/2024,670,P003,Bluetooth Speaker,50
05/23/2024,671,P007,Laptop Stand,40
05/23/2024,672,P001,Wireless Headphones,100
05/23/2024,673,P004,USB Flash Drive,20
05/23/2024,674,P006,Wireless Mouse,30
05/23/2024,675,P010,External Hard Drive,100
05/23/2024,676,P003,Bluetooth Speaker,50
05/23/2024,677,P001,Wireless Headphones,100
05/23/2024,678,P008,HDMI Cable,15
05/23/2024,679,P008,HDMI Cable,15
05/23/2024,680,P001,Wireless Headphones,100
05/23/2024,681,P008,HDMI Cable,15
05/23/2024,682,P007,Laptop Stand,40
05/23/2024,683,P002,Laptop Backpack,60
05/23/2024,684,P010,External Hard Drive,100
05/23/2024,685,P001,Wireless Headphones,100
05/23/2024,686,P006,Wireless Mouse,30
05/23/2024,687,P010,External Hard Drive,100
05/23/2024,688,P005,Mobile Phone Case,15
05/23/2024,689,P004,USB Flash Drive,20
05/23/2024,690,P002,Laptop Backpack,60
05/23/2024,691,P004,USB Flash Drive,20
05/23/2024,692,P002,Laptop Backpack,60
05/23/2024,693,P002,Laptop Backpack,60
05/23/2024,694,P010,External Hard Drive,100
05/23/2024,695,P007,Laptop Stand,40
05/23/2024,696,P008,HDMI Cable,15
05/23/2024,697,P001,Wireless Headphones,100
05/23/2024,698,P009,Smartphone,600
05/23/2024,699,P001,Wireless Headphones,100
05/23/2024,700,P008,HDMI Cable,15
05/23/2024,701,P006,Wireless Mouse,30
05/23/2024,702,P004,USB Flash Drive,20
05/23/2024,703,P001,Wireless Headphones,100
05/23/2024,704,P001,Wireless Headphones,100
05/23/2024,705,P006,Wireless Mouse,30
05/23/2024,706,P001,Wireless Headphones,100
05/23/2024,707,P006,Wireless Mouse,30
05/23/2024,708,P004,USB Flash Drive,20
05/23/2024,709,P009,Smartphone,600
05/23/2024,710,P004,USB Flash Drive,20
05/23/2024,711,P001,Wireless Headphones,100
05/23/2024,712,P010,External Hard Drive,100
05/23/2024,713,P006,Wireless Mouse,30
05/23/2024,714,P010,External Hard Drive,100
05/23/2024,715,P008,HDMI Cable,15
05/23/2024,716,P004,USB Flash Drive,20
05/23/2024,717,P001,Wireless Headphones,100
05/23/2024,718,P007,Laptop Stand,40
05/23/2024,719,P001,Wireless Headphones,100
05/23/2024,720,P004,USB Flash Drive,20
05/23/2024,721,P009,Smartphone,600
05/23/2024,722,P004,USB Flash Drive,20
05/23/2024,723,P001,Wireless Headphones,100
05/23/2024,724,P008,HDMI Cable,15
05/23/2024,725,P001,Wireless Headphones,100
05/23/2024,726,P008,HDMI Cable,15
05/23/2024,727,P004,USB Flash Drive,20
05/23/2024,728,P010,External Hard Drive,100
05/23/2024,729,P007,Laptop Stand,40
05/23/2024,730,P005,Mobile Phone Case,15
05/23/2024,731,P010,External Hard Drive,100
05/23/2024,732,P006,Wireless Mouse,30
05/23/2024,733,P002,Laptop Backpack,60
05/23/2024,734,P001,Wireless Headphones,100
05/23/2024,735,P004,USB Flash Drive,20
05/23/2024,736,P006,Wireless Mouse,30
05/23/2024,737,P002,Laptop Backpack,60
05/23/2024,738,P010,External Hard Drive,100
05/23/2024,739,P008,HDMI Cable,15
05/23/2024,740,P006,Wireless Mouse,30
05/23/2024,741,P010,External Hard Drive,100
05/23/2024,742,P008,HDMI Cable,15
05/23/2024,743,P006,Wireless Mouse,30
05/23/2024,744,P004,USB Flash Drive,20
05/23/2024,745,P004,USB Flash Drive,20
05/23/2024,746,P006,Wireless Mouse,30
05/23/2024,747,P001,Wireless Headphones,100
05/23/2024,748,P010,External Hard Drive,100
05/23/2024,749,P005,Mobile Phone Case,15
05/23/2024,750,P002,Laptop Backpack,60
05/23/2024,751,P004,USB Flash Drive,20
05/23/2024,752,P004,USB Flash Drive,20
05/23/2024,753,P001,Wireless Headphones,100
05/23/2024,754,P001,Wireless Headphones,100
05/23/2024,755,P003,Bluetooth Speaker,50
05/23/2024,756,P010,External Hard Drive,100
05/23/2024,757,P001,Wireless Headphones,100
05/23/2024,758,P003,Bluetooth Speaker,50
05/23/2024,759,P005,Mobile Phone Case,15
05/23/2024,760,P006,Wireless Mouse,30
05/23/2024,761,P008,HDMI Cable,15
05/23/2024,762,P008,HDMI Cable,15
05/23/2024,763,P002,Laptop Backpack,60
05/23/2024,764,P002,Laptop Backpack,60
05/23/2024,765,P004,USB Flash Drive,20
05/23/2024,766,P008,HDMI Cable,15
05/23/2024,767,P004,USB Flash Drive,20
05/23/2024,768,P003,Bluetooth Speaker,50
05/23/2024,769,P002,Laptop Backpack,60
05/23/2024,770,P005,Mobile Phone Case,15
05/23/2024,771,P001,Wireless Headphones,100
05/23/2024,772,P001,Wireless Headphones,100
05/23/2024,773,P008,HDMI Cable,15
05/23/2024,774,P006,Wireless Mouse,30
05/23/2024,775,P008,HDMI Cable,15
05/23/2024,776,P002,Laptop Backpack,60
05/23/2024,777,P005,Mobile Phone Case,15
05/23/2024,778,P008,HDMI Cable,15
05/23/2024,779,P002,Laptop Backpack,60
05/23/2024,780,P005,Mobile Phone Case,15
05/23/2024,781,P007,Laptop Stand,40
05/23/2024,782,P002,Laptop Backpack,60
05/23/2024,783,P010,External Hard Drive,100
05/23/2024,784,P008,HDMI Cable,15
05/23/2024,785,P008,HDMI Cable,15
05/23/2024,786,P001,Wireless Headphones,100
05/23/2024,787,P006,Wireless Mouse,30
05/23/2024,788,P006,Wireless Mouse,30
05/23/2024,789,P010,External Hard Drive,100
05/23/2024,790,P001,Wireless Headphones,100
05/23/2024,791,P003,Bluetooth Speaker,50
05/23/2024,792,P009,Smartphone,600
05/23/2024,793,P009,Smartphone,600
05/23/2024,794,P009,Smartphone,600
05/23/2024,795,P001,Wireless Headphones,100
05/23/2024,796,P004,USB Flash Drive,20
05/23/2024,797,P008,HDMI Cable,15
05/23/2024,798,P010,External Hard Drive,100
05/23/2024,799,P009,Smartphone,600
05/23/2024,800,P008,HDMI Cable,15
05/23/2024,801,P010,External Hard Drive,100
05/23/2024,802,P004,USB Flash Drive,20
05/23/2024,803,P010,External Hard Drive,100
05/23/2024,804,P002,Laptop Backpack,60
05/23/2024,805,P005,Mobile Phone Case,15
05/23/2024,806,P008,HDMI Cable,15
05/23/2024,807,P009,Smartphone,600
05/23/2024,808,P004,USB Flash Drive,20
05/23/2024,809,P008,HDMI Cable,15
05/23/2024,810,P004,USB Flash Drive,20
05/23/2024,811,P006,Wireless Mouse,30
05/23/2024,812,P002,Laptop Backpack,60
05/23/2024,813,P008,HDMI Cable,15
05/23/2024,814,P001,Wireless Headphones,100
05/23/2024,815,P008,HDMI Cable,15
05/23/2024,816,P007,Laptop Stand,40
05/23/2024,817,P004,USB Flash Drive,20
05/23/2024,818,P008,HDMI Cable,15
05/23/2024,819,P001,Wireless Headphones,100
05/23/2024,820,P006,Wireless Mouse,30
05/23/2024,821,P003,Bluetooth Speaker,50
05/23/2024,822,P004,USB Flash Drive,20
05/23/2024,823,P006,Wireless Mouse,30
05/23/2024,824,P004,USB Flash Drive,20
05/23/2024,825,P008,HDMI Cable,15
05/23/2024,826,P006,Wireless Mouse,30
05/23/2024,827,P006,Wireless Mouse,30
05/23/2024,828,P010,External Hard Drive,100
05/23/2024,829,P004,USB Flash Drive,20
05/23/2024,830,P006,Wireless Mouse,30
05/23/2024,831,P006,Wireless Mouse,30
05/23/2024,832,P006,Wireless Mouse,30
05/23/2024,833,P002,Laptop Backpack,60
05/23/2024,834,P009,Smartphone,600
05/23/2024,835,P001,Wireless Headphones,100
05/23/2024,836,P010,External Hard Drive,100
05/23/2024,837,P005,Mobile Phone Case,15
05/23/2024,838,P010,External Hard Drive,100
05/23/2024,839,P001,Wireless Headphones,100
05/23/2024,840,P001,Wireless Headphones,100
05/23/2024,841,P007,Laptop Stand,40
05/23/2024,842,P001,Wireless Headphones,100
05/23/2024,843,P001,Wireless Headphones,100
05/23/2024,844,P006,Wireless Mouse,30
05/23/2024,845,P010,External Hard Drive,100
05/23/2024,846,P006,Wireless Mouse,30
05/23/2024,847,P006,Wireless Mouse,30
05/23/2024,848,P001,Wireless Headphones,100
05/23/2024,849,P002,Laptop Backpack,60
05/23/2024,850,P006,Wireless Mouse,30
05/23/2024,851,P006,Wireless Mouse,30
05/23/2024,852,P002,Laptop Backpack,60
05/23/2024,853,P010,External Hard Drive,100
05/23/2024,854,P008,HDMI Cable,15
05/23/2024,855,P001,Wireless Headphones,100
05/23/2024,856,P002,Laptop Backpack,60
05/23/2024,857,P010,External Hard Drive,100
05/23/2024,858,P004,USB Flash Drive,20
05/23/2024,859,P005,Mobile Phone Case,15
05/23/2024,860,P001,Wireless Headphones,100
05/23/2024,861,P004,USB Flash Drive,20
05/23/2024,862,P008,HDMI Cable,15
05/23/2024,863,P009,Smartphone,600
05/23/2024,864,P009,Smartphone,600
05/23/2024,865,P004,USB Flash Drive,20
05/23/2024,866,P002,Laptop Backpack,60
05/23/2024,867,P007,Laptop Stand,40
05/23/2024,868,P008,HDMI Cable,15
05/23/2024,869,P010,External Hard Drive,100
05/23/2024,870,P006,Wireless Mouse,30
05/23/2024,871,P010,External Hard Drive,100
05/23/2024,872,P001,Wireless Headphones,100
05/23/2024,873,P001,Wireless Headphones,100
05/23/2024,874,P002,Laptop Backpack,60
05/23/2024,875,P007,Laptop Stand,40
05/23/2024,876,P002,Laptop Backpack,60
05/23/2024,877,P006,Wireless Mouse,30
05/23/2024,878,P006,Wireless Mouse,30
05/23/2024,879,P005,Mobile Phone Case,15
05/23/2024,880,P004,USB Flash Drive,20
05/23/2024,881,P010,External Hard Drive,100
05/23/2024,882,P007,Laptop Stand,40
05/23/2024,883,P005,Mobile Phone Case,15
05/23/2024,884,P002,Laptop Backpack,60
05/23/2024,885,P010,External Hard Drive,100
05/23/2024,886,P004,USB Flash Drive,20
05/23/2024,887,P004,USB Flash Drive,20
05/23/2024,888,P001,Wireless Headphones,100
05/23/2024,889,P005,Mobile Phone Case,15
05/23/2024,890,P004,USB Flash Drive,20
05/23/2024,891,P004,USB Flash Drive,20
05/23/2024,892,P010,External Hard Drive,100
05/23/2024,893,P004,USB Flash Drive,20
05/23/2024,894,P009,Smartphone,600
05/23/2024,895,P005,Mobile Phone Case,15
05/23/2024,896,P009,Smartphone,600
05/23/2024,897,P007,Laptop Stand,40
05/23/2024,898,P005,Mobile Phone Case,15
05/23/2024,899,P004,USB Flash Drive,20
05/23/2024,900,P003,Bluetooth Speaker,50
05/23/2024,901,P001,Wireless Headphones,100
05/23/2024,902,P003,Bluetooth Speaker,50
05/23/2024,903,P001,Wireless Headphones,100
05/23/2024,904,P001,Wireless Headphones,100
05/23/2024,905,P004,USB Flash Drive,20
05/23/2024,906,P006,Wireless Mouse,30
05/23/2024,907,P003,Bluetooth Speaker,50
05/23/2024,908,P002,Laptop Backpack,60
05/23/2024,909,P001,Wireless Headphones,100
05/23/2024,910,P003,Bluetooth Speaker,50
05/23/2024,911,P008,HDMI Cable,15
05/23/2024,912,P010,External Hard Drive,100
05/23/2024,913,P004,USB Flash Drive,20
05/23/2024,914,P008,HDMI Cable,15
05/23/2024,915,P002,Laptop Backpack,60
05/23/2024,916,P006,Wireless Mouse,30
05/23/2024,917,P006,Wireless Mouse,30
05/23/2024,918,P002,Laptop Backpack,60
05/23/2024,919,P010,External Hard Drive,100
05/23/2024,920,P008,HDMI Cable,15
05/23/2024,921,P009,Smartphone,600
05/23/2024,922,P008,HDMI Cable,15
05/23/2024,923,P005,Mobile Phone Case,15
05/23/2024,924,P004,USB Flash Drive,20
05/23/2024,925,P001,Wireless Headphones,100
05/23/2024,926,P002,Laptop Backpack,60
05/23/2024,927,P002,Laptop Backpack,60
05/23/2024,928,P004,USB Flash Drive,20
05/23/2024,929,P004,USB Flash Drive,20
05/23/2024,930,P002,Laptop Backpack,60
05/23/2024,931,P006,Wireless Mouse,30
05/23/2024,932,P004,USB Flash Drive,20
05/23/2024,933,P010,External Hard Drive,100
05/23/2024,934,P006,Wireless Mouse,30
05/23/2024,935,P003,Bluetooth Speaker,50
05/23/2024,936,P001,Wireless Headphones,100
05/23/2024,937,P010,External Hard Drive,100
05/23/2024,938,P009,Smartphone,600
05/23/2024,939,P001,Wireless Headphones,100
05/23/2024,940,P010,External Hard Drive,100
05/23/2024,941,P001,Wireless Headphones,100
05/23/2024,942,P001,Wireless Headphones,100
05/23/2024,943,P001,Wireless Headphones,100
05/23/2024,944,P004,USB Flash Drive,20
05/23/2024,945,P004,USB Flash Drive,20
05/23/2024,946,P010,External Hard Drive,100
05/23/2024,947,P006,Wireless Mouse,30
05/23/2024,948,P004,USB Flash Drive,20
05/23/2024,949,P008,HDMI Cable,15
05/23/2024,950,P003,Bluetooth Speaker,50
05/23/2024,951,P004,USB Flash Drive,20
05/23/2024,952,P008,HDMI Cable,15
05/23/2024,953,P005,Mobile Phone Case,15
05/23/2024,954,P006,Wireless Mouse,30
05/23/2024,955,P001,Wireless Headphones,100
05/23/2024,956,P006,Wireless Mouse,30
05/23/2024,957,P004,USB Flash Drive,20
05/23/2024,958,P002,Laptop Backpack,60
05/23/2024,959,P006,Wireless Mouse,30
05/23/2024,960,P003,Bluetooth Speaker,50
05/23/2024,961,P003,Bluetooth Speaker,50
05/23/2024,962,P005,Mobile Phone Case,15
05/23/2024,963,P009,Smartphone,600
05/23/2024,964,P007,Laptop Stand,40
05/23/2024,965,P004,USB Flash Drive,20
05/23/2024,966,P009,Smartphone,600
05/23/2024,967,P003,Bluetooth Speaker,50
05/23/2024,968,P008,HDMI Cable,15
05/23/2024,969,P004,USB Flash Drive,20
05/23/2024,970,P004,USB Flash Drive,20
05/23/2024,971,P001,Wireless Headphones,100
05/23/2024,972,P003,Bluetooth Speaker,50
05/23/2024,973,P001,Wireless Headphones,100
05/23/2024,974,P002,Laptop Backpack,60
05/23/2024,975,P006,Wireless Mouse,30
05/23/2024,976,P004,USB Flash Drive,20
05/23/2024,977,P003,Bluetooth Speaker,50
05/23/2024,978,P010,External Hard Drive,100
05/23/2024,979,P010,External Hard Drive,100
05/23/2024,980,P004,USB Flash Drive,20
05/23/2024,981,P008,HDMI Cable,15
05/23/2024,982,P002,Laptop Backpack,60
05/23/2024,983,P003,Bluetooth Speaker,50
05/23/2024,984,P010,External Hard Drive,100
05/23/2024,985,P002,Laptop Backpack,60
05/23/2024,986,P002,Laptop Backpack,60
05/23/2024,987,P001,Wireless Headphones,100
05/23/2024,988,P001,Wireless Headphones,100
05/23/2024,989,P006,Wireless Mouse,30
05/23/2024,990,P002,Laptop Backpack,60
05/23/2024,991,P004,USB Flash Drive,20
05/23/2024,992,P006,Wireless Mouse,30
05/23/2024,993,P001,Wireless Headphones,100
05/23/2024,994,P005,Mobile Phone Case,15
05/23/2024,995,P006,Wireless Mouse,30
05/23/2024,996,P006,Wireless Mouse,30
05/23/2024,997,P004,USB Flash Drive,20
05/23/2024,998,P001,Wireless Headphones,100
05/23/2024,999,P006,Wireless Mouse,30
05/23/2024,1000,P001,Wireless Headphones,100
